Page1,Button 1,https://purna.github.io/art/Icons/TDTicon.png
Page2,Button 2,https://purna.github.io/art/Icons/TDTicon.png
Page3,Button 3,https://purna.github.io/art/Icons/TDTicon.png
Page4,Button 4,https://purna.github.io/art/Icons/TDTicon.png
Page5,Button 5,https://purna.github.io/art/Icons/TDTicon.png
Page6,Button 6,https://purna.github.io/art/Icons/TDTicon.png
Page7,Button 7,https://purna.github.io/art/Icons/TDTicon.png
Page8,Button 8,https://purna.github.io/art/Icons/TDTicon.png
Page9,Button 9,https://purna.github.io/art/Icons/TDTicon.png
Page10,Button 10,https://purna.github.io/art/Icons/TDTicon.png
Page11,Button 11,https://purna.github.io/art/Icons/TDTicon.png
Page12,Button 12,https://purna.github.io/art/Icons/TDTicon.png
Page13,Button 13,https://purna.github.io/art/Icons/TDTicon.png
Page14,Button 14,https://purna.github.io/art/Icons/TDTicon.png
Page15,Button 15,https://purna.github.io/art/Icons/TDTicon.png
Page16,Button 16,https://purna.github.io/art/Icons/TDTicon.png
Page17,Button 17,https://purna.github.io/art/Icons/TDTicon.png